INSERT INTO `library_data_base`.`book` (`id`, `title` , `year`) VALUES ('1','Lorem книга 1','2001');
INSERT INTO `library_data_base`.`book` (`id`, `title` , `year`) VALUES ('2','ipsum книга 2','2002');
INSERT INTO `library_data_base`.`book` (`id`, `title` , `year`) VALUES ('3','dolor книга 3','2003');
INSERT INTO `library_data_base`.`book` (`id`, `title` , `year`) VALUES ('4','sit книга 4','2004');
INSERT INTO `library_data_base`.`book` (`id`, `title` , `year`) VALUES ('5','amet книга 5','2005');
INSERT INTO `library_data_base`.`book` (`id`, `title` , `year`) VALUES ('6','galpet книга 0','2005');
INSERT INTO `library_data_base`.`book` (`id`, `title` , `year`) VALUES ('7','consectetur книга 6','2006');
INSERT INTO `library_data_base`.`book` (`id`, `title` , `year`) VALUES ('8','adipiscing книга 7','2007');
INSERT INTO `library_data_base`.`book` (`id`, `title` , `year`) VALUES ('9','elit книга 8','2008');
INSERT INTO `library_data_base`.`book` (`id`, `title` , `year`) VALUES ('10','Sed книга 9','2009');
INSERT INTO `library_data_base`.`book` (`id`, `title` , `year`) VALUES ('11','venenatis книга 10','2010');
INSERT INTO `library_data_base`.`book` (`id`, `title` , `year`) VALUES ('12','lacus книга 11','2011');
INSERT INTO `library_data_base`.`book` (`id`, `title` , `year`) VALUES ('13','vitae книга 12','2012');
INSERT INTO `library_data_base`.`book` (`id`, `title` , `year`) VALUES ('14','risus книга 13','2013');
INSERT INTO `library_data_base`.`book` (`id`, `title` , `year`) VALUES ('15','tristique книга 14','2014');

INSERT INTO `library_data_base`.`author` (`id`, `name`) VALUES ('1', 'Князев Денис');
INSERT INTO `library_data_base`.`author` (`id`, `name`) VALUES ('2', 'Орехов Иосиф');
INSERT INTO `library_data_base`.`author` (`id`, `name`) VALUES ('3', 'Савельев Адам');
INSERT INTO `library_data_base`.`author` (`id`, `name`) VALUES ('4', 'Беляев Даниил');
INSERT INTO `library_data_base`.`author` (`id`, `name`) VALUES ('5', 'Мухин Казбек');
INSERT INTO `library_data_base`.`author` (`id`, `name`) VALUES ('7', 'Селезнёв Евстахий');
INSERT INTO `library_data_base`.`author` (`id`, `name`) VALUES ('8', 'Блинов Елисей');
INSERT INTO `library_data_base`.`author` (`id`, `name`) VALUES ('9', 'Федосеев Виктор');
INSERT INTO `library_data_base`.`author` (`id`, `name`) VALUES ('10', 'Герасимов Огюст');
INSERT INTO `library_data_base`.`author` (`id`, `name`) VALUES ('11', 'Блохин Геннадий');
INSERT INTO `library_data_base`.`author` (`id`, `name`) VALUES ('12', 'Брагин Иосиф');
INSERT INTO `library_data_base`.`author` (`id`, `name`) VALUES ('13', 'Рыбаков Артём');
INSERT INTO `library_data_base`.`author` (`id`, `name`) VALUES ('14', 'Ковалёв Рафаил');
INSERT INTO `library_data_base`.`author` (`id`, `name`) VALUES ('15', 'Карпов Добрыня');
INSERT INTO `library_data_base`.`author` (`id`, `name`) VALUES ('16', 'Кузьмин Иммануил');
INSERT INTO `library_data_base`.`author` (`id`, `name`) VALUES ('17', 'Беляев Денис');
INSERT INTO `library_data_base`.`author` (`id`, `name`) VALUES ('18', 'Мухин Иосиф');
INSERT INTO `library_data_base`.`author` (`id`, `name`) VALUES ('19', 'Селезнёв Адам');
INSERT INTO `library_data_base`.`author` (`id`, `name`) VALUES ('20', 'Блинов Даниил');
INSERT INTO `library_data_base`.`author` (`id`, `name`) VALUES ('21', 'Федосеев Казбек');
INSERT INTO `library_data_base`.`author` (`id`, `name`) VALUES ('22', 'Герасимов Евстахий');
INSERT INTO `library_data_base`.`author` (`id`, `name`) VALUES ('23', 'Блохин Елисей');
INSERT INTO `library_data_base`.`author` (`id`, `name`) VALUES ('24', 'Брагин Виктор');
INSERT INTO `library_data_base`.`author` (`id`, `name`) VALUES ('25', 'Рыбаков Огюст');
INSERT INTO `library_data_base`.`author` (`id`, `name`) VALUES ('26', 'Ковалёв Геннадий');
INSERT INTO `library_data_base`.`author` (`id`, `name`) VALUES ('27', 'Карпов Иосиф');

INSERT INTO `library_data_base`.`book_has_author` (`book_id`, `author_id`) VALUES ('1', '1');
INSERT INTO `library_data_base`.`book_has_author` (`book_id`, `author_id`) VALUES ('2', '1');
INSERT INTO `library_data_base`.`book_has_author` (`book_id`, `author_id`) VALUES ('3', '3');
INSERT INTO `library_data_base`.`book_has_author` (`book_id`, `author_id`) VALUES ('4', '2');
INSERT INTO `library_data_base`.`book_has_author` (`book_id`, `author_id`) VALUES ('5', '4');
INSERT INTO `library_data_base`.`book_has_author` (`book_id`, `author_id`) VALUES ('7', '1');
INSERT INTO `library_data_base`.`book_has_author` (`book_id`, `author_id`) VALUES ('8', '1');
INSERT INTO `library_data_base`.`book_has_author` (`book_id`, `author_id`) VALUES ('9', '1');
INSERT INTO `library_data_base`.`book_has_author` (`book_id`, `author_id`) VALUES ('10', '1');
INSERT INTO `library_data_base`.`book_has_author` (`book_id`, `author_id`) VALUES ('11', '1');
INSERT INTO `library_data_base`.`book_has_author` (`book_id`, `author_id`) VALUES ('12', '1');
INSERT INTO `library_data_base`.`book_has_author` (`book_id`, `author_id`) VALUES ('13', '1');
INSERT INTO `library_data_base`.`book_has_author` (`book_id`, `author_id`) VALUES ('14', '1');
INSERT INTO `library_data_base`.`book_has_author` (`book_id`, `author_id`) VALUES ('15', '1');
INSERT INTO `library_data_base`.`book_has_author` (`book_id`, `author_id`) VALUES ('1', '2');
INSERT INTO `library_data_base`.`book_has_author` (`book_id`, `author_id`) VALUES ('2', '2');
INSERT INTO `library_data_base`.`book_has_author` (`book_id`, `author_id`) VALUES ('3', '4');
INSERT INTO `library_data_base`.`book_has_author` (`book_id`, `author_id`) VALUES ('4', '3');
INSERT INTO `library_data_base`.`book_has_author` (`book_id`, `author_id`) VALUES ('5', '5');
INSERT INTO `library_data_base`.`book_has_author` (`book_id`, `author_id`) VALUES ('7', '2');
INSERT INTO `library_data_base`.`book_has_author` (`book_id`, `author_id`) VALUES ('8', '2');
INSERT INTO `library_data_base`.`book_has_author` (`book_id`, `author_id`) VALUES ('9', '2');
INSERT INTO `library_data_base`.`book_has_author` (`book_id`, `author_id`) VALUES ('10', '2');
INSERT INTO `library_data_base`.`book_has_author` (`book_id`, `author_id`) VALUES ('11', '2');
INSERT INTO `library_data_base`.`book_has_author` (`book_id`, `author_id`) VALUES ('1', '3');
INSERT INTO `library_data_base`.`book_has_author` (`book_id`, `author_id`) VALUES ('2', '3');
INSERT INTO `library_data_base`.`book_has_author` (`book_id`, `author_id`) VALUES ('3', '5');
INSERT INTO `library_data_base`.`book_has_author` (`book_id`, `author_id`) VALUES ('4', '4');
INSERT INTO `library_data_base`.`book_has_author` (`book_id`, `author_id`) VALUES ('5', '6');
INSERT INTO `library_data_base`.`book_has_author` (`book_id`, `author_id`) VALUES ('7', '4');
INSERT INTO `library_data_base`.`book_has_author` (`book_id`, `author_id`) VALUES ('8', '4');
INSERT INTO `library_data_base`.`book_has_author` (`book_id`, `author_id`) VALUES ('1', '4');
INSERT INTO `library_data_base`.`book_has_author` (`book_id`, `author_id`) VALUES ('2', '4');
INSERT INTO `library_data_base`.`book_has_author` (`book_id`, `author_id`) VALUES ('3', '6');
INSERT INTO `library_data_base`.`book_has_author` (`book_id`, `author_id`) VALUES ('4', '7');
INSERT INTO `library_data_base`.`book_has_author` (`book_id`, `author_id`) VALUES ('1', '5');
INSERT INTO `library_data_base`.`book_has_author` (`book_id`, `author_id`) VALUES ('2', '5');
INSERT INTO `library_data_base`.`book_has_author` (`book_id`, `author_id`) VALUES ('3', '7');
INSERT INTO `library_data_base`.`book_has_author` (`book_id`, `author_id`) VALUES ('4', '8');